Subject,WhatId,OwnerId,Status
CONTRACT-PAGINATION 1,REPLACE_WITH_OPPORTUNITY_ID,REPLACE_WITH_RUN_AS_USER_ID,Completed
CONTRACT-PAGINATION 2,REPLACE_WITH_OPPORTUNITY_ID,REPLACE_WITH_RUN_AS_USER_ID,Completed
CONTRACT-PAGINATION 3,REPLACE_WITH_OPPORTUNITY_ID,REPLACE_WITH_RUN_AS_USER_ID,Completed
CONTRACT-PAGINATION 4,REPLACE_WITH_OPPORTUNITY_ID,REPLACE_WITH_RUN_AS_USER_ID,Completed
CONTRACT-PAGINATION 5,REPLACE_WITH_OPPORTUNITY_ID,REPLACE_WITH_RUN_AS_USER_ID,Completed
CONTRACT-PAGINATION 6,REPLACE_WITH_OPPORTUNITY_ID,REPLACE_WITH_RUN_AS_USER_ID,Completed
CONTRACT-PAGINATION 7,REPLACE_WITH_OPPORTUNITY_ID,REPLACE_WITH_RUN_AS_USER_ID,Completed
CONTRACT-PAGINATION 8,REPLACE_WITH_OPPORTUNITY_ID,REPLACE_WITH_RUN_AS_USER_ID,Completed
CONTRACT-PAGINATION 9,REPLACE_WITH_OPPORTUNITY_ID,REPLACE_WITH_RUN_AS_USER_ID,Completed
CONTRACT-PAGINATION 10,REPLACE_WITH_OPPORTUNITY_ID,REPLACE_WITH_RUN_AS_USER_ID,Completed
CONTRACT-PAGINATION 11,REPLACE_WITH_OPPORTUNITY_ID,REPLACE_WITH_RUN_AS_USER_ID,Completed
CONTRACT-PAGINATION 12,REPLACE_WITH_OPPORTUNITY_ID,REPLACE_WITH_RUN_AS_USER_ID,Completed
CONTRACT-PAGINATION 13,REPLACE_WITH_OPPORTUNITY_ID,REPLACE_WITH_RUN_AS_USER_ID,Completed
CONTRACT-PAGINATION 14,REPLACE_WITH_OPPORTUNITY_ID,REPLACE_WITH_RUN_AS_USER_ID,Completed
CONTRACT-PAGINATION 15,REPLACE_WITH_OPPORTUNITY_ID,REPLACE_WITH_RUN_AS_USER_ID,Completed
CONTRACT-PAGINATION 16,REPLACE_WITH_OPPORTUNITY_ID,REPLACE_WITH_RUN_AS_USER_ID,Completed
CONTRACT-PAGINATION 17,REPLACE_WITH_OPPORTUNITY_ID,REPLACE_WITH_RUN_AS_USER_ID,Completed
CONTRACT-PAGINATION 18,REPLACE_WITH_OPPORTUNITY_ID,REPLACE_WITH_RUN_AS_USER_ID,Completed
CONTRACT-PAGINATION 19,REPLACE_WITH_OPPORTUNITY_ID,REPLACE_WITH_RUN_AS_USER_ID,Completed
CONTRACT-PAGINATION 20,REPLACE_WITH_OPPORTUNITY_ID,REPLACE_WITH_RUN_AS_USER_ID,Completed
CONTRACT-PAGINATION 21,REPLACE_WITH_OPPORTUNITY_ID,REPLACE_WITH_RUN_AS_USER_ID,Completed
CONTRACT-PAGINATION 22,REPLACE_WITH_OPPORTUNITY_ID,REPLACE_WITH_RUN_AS_USER_ID,Completed
CONTRACT-PAGINATION 23,REPLACE_WITH_OPPORTUNITY_ID,REPLACE_WITH_RUN_AS_USER_ID,Completed
CONTRACT-PAGINATION 24,REPLACE_WITH_OPPORTUNITY_ID,REPLACE_WITH_RUN_AS_USER_ID,Completed
CONTRACT-PAGINATION 25,REPLACE_WITH_OPPORTUNITY_ID,REPLACE_WITH_RUN_AS_USER_ID,Completed
CONTRACT-PAGINATION 26,REPLACE_WITH_OPPORTUNITY_ID,REPLACE_WITH_RUN_AS_USER_ID,Completed
CONTRACT-PAGINATION 27,REPLACE_WITH_OPPORTUNITY_ID,REPLACE_WITH_RUN_AS_USER_ID,Completed
CONTRACT-PAGINATION 28,REPLACE_WITH_OPPORTUNITY_ID,REPLACE_WITH_RUN_AS_USER_ID,Completed
CONTRACT-PAGINATION 29,REPLACE_WITH_OPPORTUNITY_ID,REPLACE_WITH_RUN_AS_USER_ID,Completed
CONTRACT-PAGINATION 30,REPLACE_WITH_OPPORTUNITY_ID,REPLACE_WITH_RUN_AS_USER_ID,Completed
CONTRACT-PAGINATION 31,REPLACE_WITH_OPPORTUNITY_ID,REPLACE_WITH_RUN_AS_USER_ID,Completed
CONTRACT-PAGINATION 32,REPLACE_WITH_OPPORTUNITY_ID,REPLACE_WITH_RUN_AS_USER_ID,Completed
CONTRACT-PAGINATION 33,REPLACE_WITH_OPPORTUNITY_ID,REPLACE_WITH_RUN_AS_USER_ID,Completed
CONTRACT-PAGINATION 34,REPLACE_WITH_OPPORTUNITY_ID,REPLACE_WITH_RUN_AS_USER_ID,Completed
CONTRACT-PAGINATION 35,REPLACE_WITH_OPPORTUNITY_ID,REPLACE_WITH_RUN_AS_USER_ID,Completed
CONTRACT-PAGINATION 36,REPLACE_WITH_OPPORTUNITY_ID,REPLACE_WITH_RUN_AS_USER_ID,Completed
CONTRACT-PAGINATION 37,REPLACE_WITH_OPPORTUNITY_ID,REPLACE_WITH_RUN_AS_USER_ID,Completed
CONTRACT-PAGINATION 38,REPLACE_WITH_OPPORTUNITY_ID,REPLACE_WITH_RUN_AS_USER_ID,Completed
CONTRACT-PAGINATION 39,REPLACE_WITH_OPPORTUNITY_ID,REPLACE_WITH_RUN_AS_USER_ID,Completed
CONTRACT-PAGINATION 40,REPLACE_WITH_OPPORTUNITY_ID,REPLACE_WITH_RUN_AS_USER_ID,Completed
CONTRACT-PAGINATION 41,REPLACE_WITH_OPPORTUNITY_ID,REPLACE_WITH_RUN_AS_USER_ID,Completed
CONTRACT-PAGINATION 42,REPLACE_WITH_OPPORTUNITY_ID,REPLACE_WITH_RUN_AS_USER_ID,Completed
CONTRACT-PAGINATION 43,REPLACE_WITH_OPPORTUNITY_ID,REPLACE_WITH_RUN_AS_USER_ID,Completed
CONTRACT-PAGINATION 44,REPLACE_WITH_OPPORTUNITY_ID,REPLACE_WITH_RUN_AS_USER_ID,Completed
CONTRACT-PAGINATION 45,REPLACE_WITH_OPPORTUNITY_ID,REPLACE_WITH_RUN_AS_USER_ID,Completed
CONTRACT-PAGINATION 46,REPLACE_WITH_OPPORTUNITY_ID,REPLACE_WITH_RUN_AS_USER_ID,Completed
CONTRACT-PAGINATION 47,REPLACE_WITH_OPPORTUNITY_ID,REPLACE_WITH_RUN_AS_USER_ID,Completed
CONTRACT-PAGINATION 48,REPLACE_WITH_OPPORTUNITY_ID,REPLACE_WITH_RUN_AS_USER_ID,Completed
CONTRACT-PAGINATION 49,REPLACE_WITH_OPPORTUNITY_ID,REPLACE_WITH_RUN_AS_USER_ID,Completed
CONTRACT-PAGINATION 50,REPLACE_WITH_OPPORTUNITY_ID,REPLACE_WITH_RUN_AS_USER_ID,Completed
CONTRACT-PAGINATION 51,REPLACE_WITH_OPPORTUNITY_ID,REPLACE_WITH_RUN_AS_USER_ID,Completed
CONTRACT-PAGINATION 52,REPLACE_WITH_OPPORTUNITY_ID,REPLACE_WITH_RUN_AS_USER_ID,Completed
CONTRACT-PAGINATION 53,REPLACE_WITH_OPPORTUNITY_ID,REPLACE_WITH_RUN_AS_USER_ID,Completed
CONTRACT-PAGINATION 54,REPLACE_WITH_OPPORTUNITY_ID,REPLACE_WITH_RUN_AS_USER_ID,Completed
CONTRACT-PAGINATION 55,REPLACE_WITH_OPPORTUNITY_ID,REPLACE_WITH_RUN_AS_USER_ID,Completed
CONTRACT-PAGINATION 56,REPLACE_WITH_OPPORTUNITY_ID,REPLACE_WITH_RUN_AS_USER_ID,Completed
CONTRACT-PAGINATION 57,REPLACE_WITH_OPPORTUNITY_ID,REPLACE_WITH_RUN_AS_USER_ID,Completed
CONTRACT-PAGINATION 58,REPLACE_WITH_OPPORTUNITY_ID,REPLACE_WITH_RUN_AS_USER_ID,Completed
CONTRACT-PAGINATION 59,REPLACE_WITH_OPPORTUNITY_ID,REPLACE_WITH_RUN_AS_USER_ID,Completed
CONTRACT-PAGINATION 60,REPLACE_WITH_OPPORTUNITY_ID,REPLACE_WITH_RUN_AS_USER_ID,Completed
CONTRACT-PAGINATION 61,REPLACE_WITH_OPPORTUNITY_ID,REPLACE_WITH_RUN_AS_USER_ID,Completed
CONTRACT-PAGINATION 62,REPLACE_WITH_OPPORTUNITY_ID,REPLACE_WITH_RUN_AS_USER_ID,Completed
CONTRACT-PAGINATION 63,REPLACE_WITH_OPPORTUNITY_ID,REPLACE_WITH_RUN_AS_USER_ID,Completed
CONTRACT-PAGINATION 64,REPLACE_WITH_OPPORTUNITY_ID,REPLACE_WITH_RUN_AS_USER_ID,Completed
CONTRACT-PAGINATION 65,REPLACE_WITH_OPPORTUNITY_ID,REPLACE_WITH_RUN_AS_USER_ID,Completed
CONTRACT-PAGINATION 66,REPLACE_WITH_OPPORTUNITY_ID,REPLACE_WITH_RUN_AS_USER_ID,Completed
CONTRACT-PAGINATION 67,REPLACE_WITH_OPPORTUNITY_ID,REPLACE_WITH_RUN_AS_USER_ID,Completed
CONTRACT-PAGINATION 68,REPLACE_WITH_OPPORTUNITY_ID,REPLACE_WITH_RUN_AS_USER_ID,Completed
CONTRACT-PAGINATION 69,REPLACE_WITH_OPPORTUNITY_ID,REPLACE_WITH_RUN_AS_USER_ID,Completed
CONTRACT-PAGINATION 70,REPLACE_WITH_OPPORTUNITY_ID,REPLACE_WITH_RUN_AS_USER_ID,Completed
CONTRACT-PAGINATION 71,REPLACE_WITH_OPPORTUNITY_ID,REPLACE_WITH_RUN_AS_USER_ID,Completed
CONTRACT-PAGINATION 72,REPLACE_WITH_OPPORTUNITY_ID,REPLACE_WITH_RUN_AS_USER_ID,Completed
CONTRACT-PAGINATION 73,REPLACE_WITH_OPPORTUNITY_ID,REPLACE_WITH_RUN_AS_USER_ID,Completed
CONTRACT-PAGINATION 74,REPLACE_WITH_OPPORTUNITY_ID,REPLACE_WITH_RUN_AS_USER_ID,Completed
CONTRACT-PAGINATION 75,REPLACE_WITH_OPPORTUNITY_ID,REPLACE_WITH_RUN_AS_USER_ID,Completed
CONTRACT-PAGINATION 76,REPLACE_WITH_OPPORTUNITY_ID,REPLACE_WITH_RUN_AS_USER_ID,Completed
CONTRACT-PAGINATION 77,REPLACE_WITH_OPPORTUNITY_ID,REPLACE_WITH_RUN_AS_USER_ID,Completed
CONTRACT-PAGINATION 78,REPLACE_WITH_OPPORTUNITY_ID,REPLACE_WITH_RUN_AS_USER_ID,Completed
CONTRACT-PAGINATION 79,REPLACE_WITH_OPPORTUNITY_ID,REPLACE_WITH_RUN_AS_USER_ID,Completed
CONTRACT-PAGINATION 80,REPLACE_WITH_OPPORTUNITY_ID,REPLACE_WITH_RUN_AS_USER_ID,Completed
CONTRACT-PAGINATION 81,REPLACE_WITH_OPPORTUNITY_ID,REPLACE_WITH_RUN_AS_USER_ID,Completed
CONTRACT-PAGINATION 82,REPLACE_WITH_OPPORTUNITY_ID,REPLACE_WITH_RUN_AS_USER_ID,Completed
CONTRACT-PAGINATION 83,REPLACE_WITH_OPPORTUNITY_ID,REPLACE_WITH_RUN_AS_USER_ID,Completed
CONTRACT-PAGINATION 84,REPLACE_WITH_OPPORTUNITY_ID,REPLACE_WITH_RUN_AS_USER_ID,Completed
CONTRACT-PAGINATION 85,REPLACE_WITH_OPPORTUNITY_ID,REPLACE_WITH_RUN_AS_USER_ID,Completed
CONTRACT-PAGINATION 86,REPLACE_WITH_OPPORTUNITY_ID,REPLACE_WITH_RUN_AS_USER_ID,Completed
CONTRACT-PAGINATION 87,REPLACE_WITH_OPPORTUNITY_ID,REPLACE_WITH_RUN_AS_USER_ID,Completed
CONTRACT-PAGINATION 88,REPLACE_WITH_OPPORTUNITY_ID,REPLACE_WITH_RUN_AS_USER_ID,Completed
CONTRACT-PAGINATION 89,REPLACE_WITH_OPPORTUNITY_ID,REPLACE_WITH_RUN_AS_USER_ID,Completed
CONTRACT-PAGINATION 90,REPLACE_WITH_OPPORTUNITY_ID,REPLACE_WITH_RUN_AS_USER_ID,Completed
CONTRACT-PAGINATION 91,REPLACE_WITH_OPPORTUNITY_ID,REPLACE_WITH_RUN_AS_USER_ID,Completed
CONTRACT-PAGINATION 92,REPLACE_WITH_OPPORTUNITY_ID,REPLACE_WITH_RUN_AS_USER_ID,Completed
CONTRACT-PAGINATION 93,REPLACE_WITH_OPPORTUNITY_ID,REPLACE_WITH_RUN_AS_USER_ID,Completed
CONTRACT-PAGINATION 94,REPLACE_WITH_OPPORTUNITY_ID,REPLACE_WITH_RUN_AS_USER_ID,Completed
CONTRACT-PAGINATION 95,REPLACE_WITH_OPPORTUNITY_ID,REPLACE_WITH_RUN_AS_USER_ID,Completed
CONTRACT-PAGINATION 96,REPLACE_WITH_OPPORTUNITY_ID,REPLACE_WITH_RUN_AS_USER_ID,Completed
CONTRACT-PAGINATION 97,REPLACE_WITH_OPPORTUNITY_ID,REPLACE_WITH_RUN_AS_USER_ID,Completed
CONTRACT-PAGINATION 98,REPLACE_WITH_OPPORTUNITY_ID,REPLACE_WITH_RUN_AS_USER_ID,Completed
CONTRACT-PAGINATION 99,REPLACE_WITH_OPPORTUNITY_ID,REPLACE_WITH_RUN_AS_USER_ID,Completed
CONTRACT-PAGINATION 100,REPLACE_WITH_OPPORTUNITY_ID,REPLACE_WITH_RUN_AS_USER_ID,Completed
CONTRACT-PAGINATION 101,REPLACE_WITH_OPPORTUNITY_ID,REPLACE_WITH_RUN_AS_USER_ID,Completed
CONTRACT-PAGINATION 102,REPLACE_WITH_OPPORTUNITY_ID,REPLACE_WITH_RUN_AS_USER_ID,Completed
CONTRACT-PAGINATION 103,REPLACE_WITH_OPPORTUNITY_ID,REPLACE_WITH_RUN_AS_USER_ID,Completed
CONTRACT-PAGINATION 104,REPLACE_WITH_OPPORTUNITY_ID,REPLACE_WITH_RUN_AS_USER_ID,Completed
CONTRACT-PAGINATION 105,REPLACE_WITH_OPPORTUNITY_ID,REPLACE_WITH_RUN_AS_USER_ID,Completed
CONTRACT-PAGINATION 106,REPLACE_WITH_OPPORTUNITY_ID,REPLACE_WITH_RUN_AS_USER_ID,Completed
CONTRACT-PAGINATION 107,REPLACE_WITH_OPPORTUNITY_ID,REPLACE_WITH_RUN_AS_USER_ID,Completed
CONTRACT-PAGINATION 108,REPLACE_WITH_OPPORTUNITY_ID,REPLACE_WITH_RUN_AS_USER_ID,Completed
CONTRACT-PAGINATION 109,REPLACE_WITH_OPPORTUNITY_ID,REPLACE_WITH_RUN_AS_USER_ID,Completed
CONTRACT-PAGINATION 110,REPLACE_WITH_OPPORTUNITY_ID,REPLACE_WITH_RUN_AS_USER_ID,Completed
CONTRACT-PAGINATION 111,REPLACE_WITH_OPPORTUNITY_ID,REPLACE_WITH_RUN_AS_USER_ID,Completed
CONTRACT-PAGINATION 112,REPLACE_WITH_OPPORTUNITY_ID,REPLACE_WITH_RUN_AS_USER_ID,Completed
CONTRACT-PAGINATION 113,REPLACE_WITH_OPPORTUNITY_ID,REPLACE_WITH_RUN_AS_USER_ID,Completed
CONTRACT-PAGINATION 114,REPLACE_WITH_OPPORTUNITY_ID,REPLACE_WITH_RUN_AS_USER_ID,Completed
CONTRACT-PAGINATION 115,REPLACE_WITH_OPPORTUNITY_ID,REPLACE_WITH_RUN_AS_USER_ID,Completed
CONTRACT-PAGINATION 116,REPLACE_WITH_OPPORTUNITY_ID,REPLACE_WITH_RUN_AS_USER_ID,Completed
CONTRACT-PAGINATION 117,REPLACE_WITH_OPPORTUNITY_ID,REPLACE_WITH_RUN_AS_USER_ID,Completed
CONTRACT-PAGINATION 118,REPLACE_WITH_OPPORTUNITY_ID,REPLACE_WITH_RUN_AS_USER_ID,Completed
CONTRACT-PAGINATION 119,REPLACE_WITH_OPPORTUNITY_ID,REPLACE_WITH_RUN_AS_USER_ID,Completed
CONTRACT-PAGINATION 120,REPLACE_WITH_OPPORTUNITY_ID,REPLACE_WITH_RUN_AS_USER_ID,Completed
CONTRACT-PAGINATION 121,REPLACE_WITH_OPPORTUNITY_ID,REPLACE_WITH_RUN_AS_USER_ID,Completed
CONTRACT-PAGINATION 122,REPLACE_WITH_OPPORTUNITY_ID,REPLACE_WITH_RUN_AS_USER_ID,Completed
CONTRACT-PAGINATION 123,REPLACE_WITH_OPPORTUNITY_ID,REPLACE_WITH_RUN_AS_USER_ID,Completed
CONTRACT-PAGINATION 124,REPLACE_WITH_OPPORTUNITY_ID,REPLACE_WITH_RUN_AS_USER_ID,Completed
CONTRACT-PAGINATION 125,REPLACE_WITH_OPPORTUNITY_ID,REPLACE_WITH_RUN_AS_USER_ID,Completed
CONTRACT-PAGINATION 126,REPLACE_WITH_OPPORTUNITY_ID,REPLACE_WITH_RUN_AS_USER_ID,Completed
CONTRACT-PAGINATION 127,REPLACE_WITH_OPPORTUNITY_ID,REPLACE_WITH_RUN_AS_USER_ID,Completed
CONTRACT-PAGINATION 128,REPLACE_WITH_OPPORTUNITY_ID,REPLACE_WITH_RUN_AS_USER_ID,Completed
CONTRACT-PAGINATION 129,REPLACE_WITH_OPPORTUNITY_ID,REPLACE_WITH_RUN_AS_USER_ID,Completed
CONTRACT-PAGINATION 130,REPLACE_WITH_OPPORTUNITY_ID,REPLACE_WITH_RUN_AS_USER_ID,Completed
CONTRACT-PAGINATION 131,REPLACE_WITH_OPPORTUNITY_ID,REPLACE_WITH_RUN_AS_USER_ID,Completed
CONTRACT-PAGINATION 132,REPLACE_WITH_OPPORTUNITY_ID,REPLACE_WITH_RUN_AS_USER_ID,Completed
CONTRACT-PAGINATION 133,REPLACE_WITH_OPPORTUNITY_ID,REPLACE_WITH_RUN_AS_USER_ID,Completed
CONTRACT-PAGINATION 134,REPLACE_WITH_OPPORTUNITY_ID,REPLACE_WITH_RUN_AS_USER_ID,Completed
CONTRACT-PAGINATION 135,REPLACE_WITH_OPPORTUNITY_ID,REPLACE_WITH_RUN_AS_USER_ID,Completed
CONTRACT-PAGINATION 136,REPLACE_WITH_OPPORTUNITY_ID,REPLACE_WITH_RUN_AS_USER_ID,Completed
CONTRACT-PAGINATION 137,REPLACE_WITH_OPPORTUNITY_ID,REPLACE_WITH_RUN_AS_USER_ID,Completed
CONTRACT-PAGINATION 138,REPLACE_WITH_OPPORTUNITY_ID,REPLACE_WITH_RUN_AS_USER_ID,Completed
CONTRACT-PAGINATION 139,REPLACE_WITH_OPPORTUNITY_ID,REPLACE_WITH_RUN_AS_USER_ID,Completed
CONTRACT-PAGINATION 140,REPLACE_WITH_OPPORTUNITY_ID,REPLACE_WITH_RUN_AS_USER_ID,Completed
CONTRACT-PAGINATION 141,REPLACE_WITH_OPPORTUNITY_ID,REPLACE_WITH_RUN_AS_USER_ID,Completed
CONTRACT-PAGINATION 142,REPLACE_WITH_OPPORTUNITY_ID,REPLACE_WITH_RUN_AS_USER_ID,Completed
CONTRACT-PAGINATION 143,REPLACE_WITH_OPPORTUNITY_ID,REPLACE_WITH_RUN_AS_USER_ID,Completed
CONTRACT-PAGINATION 144,REPLACE_WITH_OPPORTUNITY_ID,REPLACE_WITH_RUN_AS_USER_ID,Completed
CONTRACT-PAGINATION 145,REPLACE_WITH_OPPORTUNITY_ID,REPLACE_WITH_RUN_AS_USER_ID,Completed
CONTRACT-PAGINATION 146,REPLACE_WITH_OPPORTUNITY_ID,REPLACE_WITH_RUN_AS_USER_ID,Completed
CONTRACT-PAGINATION 147,REPLACE_WITH_OPPORTUNITY_ID,REPLACE_WITH_RUN_AS_USER_ID,Completed
CONTRACT-PAGINATION 148,REPLACE_WITH_OPPORTUNITY_ID,REPLACE_WITH_RUN_AS_USER_ID,Completed
CONTRACT-PAGINATION 149,REPLACE_WITH_OPPORTUNITY_ID,REPLACE_WITH_RUN_AS_USER_ID,Completed
CONTRACT-PAGINATION 150,REPLACE_WITH_OPPORTUNITY_ID,REPLACE_WITH_RUN_AS_USER_ID,Completed
CONTRACT-PAGINATION 151,REPLACE_WITH_OPPORTUNITY_ID,REPLACE_WITH_RUN_AS_USER_ID,Completed
CONTRACT-PAGINATION 152,REPLACE_WITH_OPPORTUNITY_ID,REPLACE_WITH_RUN_AS_USER_ID,Completed
CONTRACT-PAGINATION 153,REPLACE_WITH_OPPORTUNITY_ID,REPLACE_WITH_RUN_AS_USER_ID,Completed
CONTRACT-PAGINATION 154,REPLACE_WITH_OPPORTUNITY_ID,REPLACE_WITH_RUN_AS_USER_ID,Completed
CONTRACT-PAGINATION 155,REPLACE_WITH_OPPORTUNITY_ID,REPLACE_WITH_RUN_AS_USER_ID,Completed
CONTRACT-PAGINATION 156,REPLACE_WITH_OPPORTUNITY_ID,REPLACE_WITH_RUN_AS_USER_ID,Completed
CONTRACT-PAGINATION 157,REPLACE_WITH_OPPORTUNITY_ID,REPLACE_WITH_RUN_AS_USER_ID,Completed
CONTRACT-PAGINATION 158,REPLACE_WITH_OPPORTUNITY_ID,REPLACE_WITH_RUN_AS_USER_ID,Completed
CONTRACT-PAGINATION 159,REPLACE_WITH_OPPORTUNITY_ID,REPLACE_WITH_RUN_AS_USER_ID,Completed
CONTRACT-PAGINATION 160,REPLACE_WITH_OPPORTUNITY_ID,REPLACE_WITH_RUN_AS_USER_ID,Completed
CONTRACT-PAGINATION 161,REPLACE_WITH_OPPORTUNITY_ID,REPLACE_WITH_RUN_AS_USER_ID,Completed
CONTRACT-PAGINATION 162,REPLACE_WITH_OPPORTUNITY_ID,REPLACE_WITH_RUN_AS_USER_ID,Completed
CONTRACT-PAGINATION 163,REPLACE_WITH_OPPORTUNITY_ID,REPLACE_WITH_RUN_AS_USER_ID,Completed
CONTRACT-PAGINATION 164,REPLACE_WITH_OPPORTUNITY_ID,REPLACE_WITH_RUN_AS_USER_ID,Completed
CONTRACT-PAGINATION 165,REPLACE_WITH_OPPORTUNITY_ID,REPLACE_WITH_RUN_AS_USER_ID,Completed
CONTRACT-PAGINATION 166,REPLACE_WITH_OPPORTUNITY_ID,REPLACE_WITH_RUN_AS_USER_ID,Completed
CONTRACT-PAGINATION 167,REPLACE_WITH_OPPORTUNITY_ID,REPLACE_WITH_RUN_AS_USER_ID,Completed
CONTRACT-PAGINATION 168,REPLACE_WITH_OPPORTUNITY_ID,REPLACE_WITH_RUN_AS_USER_ID,Completed
CONTRACT-PAGINATION 169,REPLACE_WITH_OPPORTUNITY_ID,REPLACE_WITH_RUN_AS_USER_ID,Completed
CONTRACT-PAGINATION 170,REPLACE_WITH_OPPORTUNITY_ID,REPLACE_WITH_RUN_AS_USER_ID,Completed
CONTRACT-PAGINATION 171,REPLACE_WITH_OPPORTUNITY_ID,REPLACE_WITH_RUN_AS_USER_ID,Completed
CONTRACT-PAGINATION 172,REPLACE_WITH_OPPORTUNITY_ID,REPLACE_WITH_RUN_AS_USER_ID,Completed
CONTRACT-PAGINATION 173,REPLACE_WITH_OPPORTUNITY_ID,REPLACE_WITH_RUN_AS_USER_ID,Completed
CONTRACT-PAGINATION 174,REPLACE_WITH_OPPORTUNITY_ID,REPLACE_WITH_RUN_AS_USER_ID,Completed
CONTRACT-PAGINATION 175,REPLACE_WITH_OPPORTUNITY_ID,REPLACE_WITH_RUN_AS_USER_ID,Completed
CONTRACT-PAGINATION 176,REPLACE_WITH_OPPORTUNITY_ID,REPLACE_WITH_RUN_AS_USER_ID,Completed
CONTRACT-PAGINATION 177,REPLACE_WITH_OPPORTUNITY_ID,REPLACE_WITH_RUN_AS_USER_ID,Completed
CONTRACT-PAGINATION 178,REPLACE_WITH_OPPORTUNITY_ID,REPLACE_WITH_RUN_AS_USER_ID,Completed
CONTRACT-PAGINATION 179,REPLACE_WITH_OPPORTUNITY_ID,REPLACE_WITH_RUN_AS_USER_ID,Completed
CONTRACT-PAGINATION 180,REPLACE_WITH_OPPORTUNITY_ID,REPLACE_WITH_RUN_AS_USER_ID,Completed
CONTRACT-PAGINATION 181,REPLACE_WITH_OPPORTUNITY_ID,REPLACE_WITH_RUN_AS_USER_ID,Completed
CONTRACT-PAGINATION 182,REPLACE_WITH_OPPORTUNITY_ID,REPLACE_WITH_RUN_AS_USER_ID,Completed
CONTRACT-PAGINATION 183,REPLACE_WITH_OPPORTUNITY_ID,REPLACE_WITH_RUN_AS_USER_ID,Completed
CONTRACT-PAGINATION 184,REPLACE_WITH_OPPORTUNITY_ID,REPLACE_WITH_RUN_AS_USER_ID,Completed
CONTRACT-PAGINATION 185,REPLACE_WITH_OPPORTUNITY_ID,REPLACE_WITH_RUN_AS_USER_ID,Completed
CONTRACT-PAGINATION 186,REPLACE_WITH_OPPORTUNITY_ID,REPLACE_WITH_RUN_AS_USER_ID,Completed
CONTRACT-PAGINATION 187,REPLACE_WITH_OPPORTUNITY_ID,REPLACE_WITH_RUN_AS_USER_ID,Completed
CONTRACT-PAGINATION 188,REPLACE_WITH_OPPORTUNITY_ID,REPLACE_WITH_RUN_AS_USER_ID,Completed
CONTRACT-PAGINATION 189,REPLACE_WITH_OPPORTUNITY_ID,REPLACE_WITH_RUN_AS_USER_ID,Completed
CONTRACT-PAGINATION 190,REPLACE_WITH_OPPORTUNITY_ID,REPLACE_WITH_RUN_AS_USER_ID,Completed
CONTRACT-PAGINATION 191,REPLACE_WITH_OPPORTUNITY_ID,REPLACE_WITH_RUN_AS_USER_ID,Completed
CONTRACT-PAGINATION 192,REPLACE_WITH_OPPORTUNITY_ID,REPLACE_WITH_RUN_AS_USER_ID,Completed
CONTRACT-PAGINATION 193,REPLACE_WITH_OPPORTUNITY_ID,REPLACE_WITH_RUN_AS_USER_ID,Completed
CONTRACT-PAGINATION 194,REPLACE_WITH_OPPORTUNITY_ID,REPLACE_WITH_RUN_AS_USER_ID,Completed
CONTRACT-PAGINATION 195,REPLACE_WITH_OPPORTUNITY_ID,REPLACE_WITH_RUN_AS_USER_ID,Completed
CONTRACT-PAGINATION 196,REPLACE_WITH_OPPORTUNITY_ID,REPLACE_WITH_RUN_AS_USER_ID,Completed
CONTRACT-PAGINATION 197,REPLACE_WITH_OPPORTUNITY_ID,REPLACE_WITH_RUN_AS_USER_ID,Completed
CONTRACT-PAGINATION 198,REPLACE_WITH_OPPORTUNITY_ID,REPLACE_WITH_RUN_AS_USER_ID,Completed
CONTRACT-PAGINATION 199,REPLACE_WITH_OPPORTUNITY_ID,REPLACE_WITH_RUN_AS_USER_ID,Completed
CONTRACT-PAGINATION 200,REPLACE_WITH_OPPORTUNITY_ID,REPLACE_WITH_RUN_AS_USER_ID,Completed
CONTRACT-PAGINATION 201,REPLACE_WITH_OPPORTUNITY_ID,REPLACE_WITH_RUN_AS_USER_ID,Completed
CONTRACT-PAGINATION 202,REPLACE_WITH_OPPORTUNITY_ID,REPLACE_WITH_RUN_AS_USER_ID,Completed
CONTRACT-PAGINATION 203,REPLACE_WITH_OPPORTUNITY_ID,REPLACE_WITH_RUN_AS_USER_ID,Completed
CONTRACT-PAGINATION 204,REPLACE_WITH_OPPORTUNITY_ID,REPLACE_WITH_RUN_AS_USER_ID,Completed
CONTRACT-PAGINATION 205,REPLACE_WITH_OPPORTUNITY_ID,REPLACE_WITH_RUN_AS_USER_ID,Completed
CONTRACT-PAGINATION 206,REPLACE_WITH_OPPORTUNITY_ID,REPLACE_WITH_RUN_AS_USER_ID,Completed
CONTRACT-PAGINATION 207,REPLACE_WITH_OPPORTUNITY_ID,REPLACE_WITH_RUN_AS_USER_ID,Completed
CONTRACT-PAGINATION 208,REPLACE_WITH_OPPORTUNITY_ID,REPLACE_WITH_RUN_AS_USER_ID,Completed
CONTRACT-PAGINATION 209,REPLACE_WITH_OPPORTUNITY_ID,REPLACE_WITH_RUN_AS_USER_ID,Completed
CONTRACT-PAGINATION 210,REPLACE_WITH_OPPORTUNITY_ID,REPLACE_WITH_RUN_AS_USER_ID,Completed
CONTRACT-PAGINATION 211,REPLACE_WITH_OPPORTUNITY_ID,REPLACE_WITH_RUN_AS_USER_ID,Completed
CONTRACT-PAGINATION 212,REPLACE_WITH_OPPORTUNITY_ID,REPLACE_WITH_RUN_AS_USER_ID,Completed
CONTRACT-PAGINATION 213,REPLACE_WITH_OPPORTUNITY_ID,REPLACE_WITH_RUN_AS_USER_ID,Completed
CONTRACT-PAGINATION 214,REPLACE_WITH_OPPORTUNITY_ID,REPLACE_WITH_RUN_AS_USER_ID,Completed
CONTRACT-PAGINATION 215,REPLACE_WITH_OPPORTUNITY_ID,REPLACE_WITH_RUN_AS_USER_ID,Completed
CONTRACT-PAGINATION 216,REPLACE_WITH_OPPORTUNITY_ID,REPLACE_WITH_RUN_AS_USER_ID,Completed
CONTRACT-PAGINATION 217,REPLACE_WITH_OPPORTUNITY_ID,REPLACE_WITH_RUN_AS_USER_ID,Completed
CONTRACT-PAGINATION 218,REPLACE_WITH_OPPORTUNITY_ID,REPLACE_WITH_RUN_AS_USER_ID,Completed
CONTRACT-PAGINATION 219,REPLACE_WITH_OPPORTUNITY_ID,REPLACE_WITH_RUN_AS_USER_ID,Completed
CONTRACT-PAGINATION 220,REPLACE_WITH_OPPORTUNITY_ID,REPLACE_WITH_RUN_AS_USER_ID,Completed
CONTRACT-PAGINATION 221,REPLACE_WITH_OPPORTUNITY_ID,REPLACE_WITH_RUN_AS_USER_ID,Completed
CONTRACT-PAGINATION 222,REPLACE_WITH_OPPORTUNITY_ID,REPLACE_WITH_RUN_AS_USER_ID,Completed
CONTRACT-PAGINATION 223,REPLACE_WITH_OPPORTUNITY_ID,REPLACE_WITH_RUN_AS_USER_ID,Completed
CONTRACT-PAGINATION 224,REPLACE_WITH_OPPORTUNITY_ID,REPLACE_WITH_RUN_AS_USER_ID,Completed
CONTRACT-PAGINATION 225,REPLACE_WITH_OPPORTUNITY_ID,REPLACE_WITH_RUN_AS_USER_ID,Completed
CONTRACT-PAGINATION 226,REPLACE_WITH_OPPORTUNITY_ID,REPLACE_WITH_RUN_AS_USER_ID,Completed
CONTRACT-PAGINATION 227,REPLACE_WITH_OPPORTUNITY_ID,REPLACE_WITH_RUN_AS_USER_ID,Completed
CONTRACT-PAGINATION 228,REPLACE_WITH_OPPORTUNITY_ID,REPLACE_WITH_RUN_AS_USER_ID,Completed
CONTRACT-PAGINATION 229,REPLACE_WITH_OPPORTUNITY_ID,REPLACE_WITH_RUN_AS_USER_ID,Completed
CONTRACT-PAGINATION 230,REPLACE_WITH_OPPORTUNITY_ID,REPLACE_WITH_RUN_AS_USER_ID,Completed
CONTRACT-PAGINATION 231,REPLACE_WITH_OPPORTUNITY_ID,REPLACE_WITH_RUN_AS_USER_ID,Completed
CONTRACT-PAGINATION 232,REPLACE_WITH_OPPORTUNITY_ID,REPLACE_WITH_RUN_AS_USER_ID,Completed
CONTRACT-PAGINATION 233,REPLACE_WITH_OPPORTUNITY_ID,REPLACE_WITH_RUN_AS_USER_ID,Completed
CONTRACT-PAGINATION 234,REPLACE_WITH_OPPORTUNITY_ID,REPLACE_WITH_RUN_AS_USER_ID,Completed
CONTRACT-PAGINATION 235,REPLACE_WITH_OPPORTUNITY_ID,REPLACE_WITH_RUN_AS_USER_ID,Completed
CONTRACT-PAGINATION 236,REPLACE_WITH_OPPORTUNITY_ID,REPLACE_WITH_RUN_AS_USER_ID,Completed
CONTRACT-PAGINATION 237,REPLACE_WITH_OPPORTUNITY_ID,REPLACE_WITH_RUN_AS_USER_ID,Completed
CONTRACT-PAGINATION 238,REPLACE_WITH_OPPORTUNITY_ID,REPLACE_WITH_RUN_AS_USER_ID,Completed
CONTRACT-PAGINATION 239,REPLACE_WITH_OPPORTUNITY_ID,REPLACE_WITH_RUN_AS_USER_ID,Completed
CONTRACT-PAGINATION 240,REPLACE_WITH_OPPORTUNITY_ID,REPLACE_WITH_RUN_AS_USER_ID,Completed
CONTRACT-PAGINATION 241,REPLACE_WITH_OPPORTUNITY_ID,REPLACE_WITH_RUN_AS_USER_ID,Completed
CONTRACT-PAGINATION 242,REPLACE_WITH_OPPORTUNITY_ID,REPLACE_WITH_RUN_AS_USER_ID,Completed
CONTRACT-PAGINATION 243,REPLACE_WITH_OPPORTUNITY_ID,REPLACE_WITH_RUN_AS_USER_ID,Completed
CONTRACT-PAGINATION 244,REPLACE_WITH_OPPORTUNITY_ID,REPLACE_WITH_RUN_AS_USER_ID,Completed
CONTRACT-PAGINATION 245,REPLACE_WITH_OPPORTUNITY_ID,REPLACE_WITH_RUN_AS_USER_ID,Completed
CONTRACT-PAGINATION 246,REPLACE_WITH_OPPORTUNITY_ID,REPLACE_WITH_RUN_AS_USER_ID,Completed
CONTRACT-PAGINATION 247,REPLACE_WITH_OPPORTUNITY_ID,REPLACE_WITH_RUN_AS_USER_ID,Completed
CONTRACT-PAGINATION 248,REPLACE_WITH_OPPORTUNITY_ID,REPLACE_WITH_RUN_AS_USER_ID,Completed
CONTRACT-PAGINATION 249,REPLACE_WITH_OPPORTUNITY_ID,REPLACE_WITH_RUN_AS_USER_ID,Completed
CONTRACT-PAGINATION 250,REPLACE_WITH_OPPORTUNITY_ID,REPLACE_WITH_RUN_AS_USER_ID,Completed
